Canada,Fix_PesqCustom_ID_297,,601297,FIX
Canada,Fix_PesqCustom_ID_298,,601298,FIX
Canada,Fix_PesqCustom_ID_299,,601299,FIX
Canada,Fix_PesqCustom_ID_400,,601400,FIX
Canada,Fix_PesqCustom_ID_401,,601401,FIX
Canada,Fix_PesqCustom_ID_402,,601402,FIX
Canada,Fix_PesqCustom_ID_403,,601403,FIX
Canada,Fix_PesqCustom_ID_404,,601404,FIX
Canada,Fix_PesqCustom_ID_405,,601405,FIX
Canada,Fix_PesqCustom_ID_406,,601406,FIX
Canada,Fix_PesqCustom_ID_407,,601407,FIX
Canada,Fix_PesqCustom_ID_408,,601408,FIX
Canada,Fix_PesqCustom_ID_409,,601409,FIX
Canada,Fix_PesqCustom_ID_410,,601410,FIX
Canada,Fix_PesqCustom_ID_411,,601411,FIX
Canada,Fix_PesqCustom_ID_412,,601412,FIX
Canada,Fix_PesqCustom_ID_413,,601413,FIX
Canada,Fix_PesqCustom_ID_414,,601414,FIX
Canada,Fix_PesqCustom_ID_415,,601415,FIX
Canada,Fix_PesqCustom_ID_416,,601416,FIX
Canada,Fix_PesqCustom_ID_417,,601417,FIX
Canada,Fix_PesqCustom_ID_418,,601418,FIX
Canada,Fix_PesqCustom_ID_419,,601419,FIX
Canada,Fix_PesqCustom_ID_420,,601420,FIX
Canada,Fix_PesqCustom_ID_421,,601421,FIX
Canada,Fix_PesqCustom_ID_422,,601422,FIX
Canada,Fix_PesqCustom_ID_423,,601423,FIX
Canada,Fix_PesqCustom_ID_424,,601424,FIX
Canada,Fix_PesqCustom_ID_425,,601425,FIX
Canada,Fix_PesqCustom_ID_426,,601426,FIX
Canada,Fix_PesqCustom_ID_427,,601427,FIX
Canada,Fix_PesqCustom_ID_428,,601428,FIX
Canada,Fix_PesqCustom_ID_429,,601429,FIX
Canada,Fix_PesqCustom_ID_430,,601430,FIX
Canada,Fix_PesqCustom_ID_431,,601431,FIX
Canada,Fix_PesqCustom_ID_432,,601432,FIX
Canada,Fix_PesqCustom_ID_433,,601433,FIX
Canada,Fix_PesqCustom_ID_434,,601434,FIX
Canada,Fix_PesqCustom_ID_435,,601435,FIX
Canada,Fix_PesqCustom_ID_436,,601436,FIX
Canada,Fix_PesqCustom_ID_437,,601437,FIX
Canada,Fix_PesqCustom_ID_438,,601438,FIX
Canada,Fix_PesqCustom_ID_439,,601439,FIX
Canada,Fix_PesqCustom_ID_440,,601440,FIX
Canada,Fix_PesqCustom_ID_441,,601441,FIX
Canada,Fix_PesqCustom_ID_442,,601442,FIX
Canada,Fix_PesqCustom_ID_443,,601443,FIX
Canada,Fix_PesqCustom_ID_444,,601444,FIX
Canada,Fix_PesqCustom_ID_445,,601445,FIX
Canada,Fix_PesqCustom_ID_446,,601446,FIX
Canada,Fix_PesqCustom_ID_447,,601447,FIX
Canada,Fix_PesqCustom_ID_448,,601448,FIX
Canada,Fix_PesqCustom_ID_449,,601449,FIX
Canada,Fix_PesqCustom_ID_450,,601450,FIX
Canada,Fix_PesqCustom_ID_451,,601451,FIX
Canada,Fix_PesqCustom_ID_452,,601452,FIX
Canada,Fix_PesqCustom_ID_453,,601453,FIX
Canada,Fix_PesqCustom_ID_454,,601454,FIX
Canada,Fix_PesqCustom_ID_455,,601455,FIX
Canada,Fix_PesqCustom_ID_456,,601456,FIX
Canada,Fix_PesqCustom_ID_457,,601457,FIX
Canada,Fix_PesqCustom_ID_458,,601458,FIX
Canada,Fix_PesqCustom_ID_459,,601459,FIX
Canada,Fix_PesqCustom_ID_460,,601460,FIX
Canada,Fix_PesqCustom_ID_461,,601461,FIX
Canada,Fix_PesqCustom_ID_462,,601462,FIX
Canada,Fix_PesqCustom_ID_463,,601463,FIX
Canada,Fix_PesqCustom_ID_464,,601464,FIX
Canada,Fix_PesqCustom_ID_465,,601465,FIX
Canada,Fix_PesqCustom_ID_466,,601466,FIX
Canada,Fix_PesqCustom_ID_467,,601467,FIX
Canada,Fix_PesqCustom_ID_468,,601468,FIX
Canada,Fix_PesqCustom_ID_469,,601469,FIX
Canada,Fix_PesqCustom_ID_470,,601470,FIX
Canada,Fix_PesqCustom_ID_471,,601471,FIX
Canada,Fix_PesqCustom_ID_472,,601472,FIX
Canada,Fix_PesqCustom_ID_473,,601473,FIX
Canada,Fix_PesqCustom_ID_474,,601474,FIX
Canada,Fix_PesqCustom_ID_475,,601475,FIX
Canada,Fix_PesqCustom_ID_476,,601476,FIX
Canada,Fix_PesqCustom_ID_477,,601477,FIX
Canada,Fix_PesqCustom_ID_478,,601478,FIX
Canada,Fix_PesqCustom_ID_479,,601479,FIX
Canada,Fix_PesqCustom_ID_480,,601480,FIX
Canada,Fix_PesqCustom_ID_481,,601481,FIX
Canada,Fix_PesqCustom_ID_482,,601482,FIX
Canada,Fix_PesqCustom_ID_483,,601483,FIX
Canada,Fix_PesqCustom_ID_484,,601484,FIX
Canada,Fix_PesqCustom_ID_485,,601485,FIX
Canada,Fix_PesqCustom_ID_486,,601486,FIX
Canada,Fix_PesqCustom_ID_487,,601487,FIX
Canada,Fix_PesqCustom_ID_488,,601488,FIX
Canada,Fix_PesqCustom_ID_489,,601489,FIX
Canada,Fix_PesqCustom_ID_490,,601490,FIX
Canada,Fix_PesqCustom_ID_491,,601491,FIX
Canada,Fix_PesqCustom_ID_492,,601492,FIX
Canada,Fix_PesqCustom_ID_493,,601493,FIX
Canada,Fix_PesqCustom_ID_494,,601494,FIX
Canada,Fix_PesqCustom_ID_495,,601495,FIX
Canada,Fix_PesqCustom_ID_496,,601496,FIX
Canada,Fix_PesqCustom_ID_497,,601497,FIX
Canada,Fix_PesqCustom_ID_498,,601498,FIX
Canada,Fix_PesqCustom_ID_499,,601499,FIX
Canada,Fix_PesqCustom_ID_500,,601500,FIX
Canada,Fix_PesqCustom_ID_501,,601501,FIX
Canada,Fix_PesqCustom_ID_502,,601502,FIX
Canada,Fix_PesqCustom_ID_503,,601503,FIX
Canada,Fix_PesqCustom_ID_504,,601504,FIX
Canada,Fix_PesqCustom_ID_505,,601505,FIX
Canada,Fix_PesqCustom_ID_506,,601506,FIX
Canada,Fix_PesqCustom_ID_507,,601507,FIX
Canada,Fix_PesqCustom_ID_508,,601508,FIX
Canada,Fix_PesqCustom_ID_509,,601509,FIX
Canada,Fix_PesqCustom_ID_510,,601510,FIX
Canada,Fix_PesqCustom_ID_511,,601511,FIX
Canada,Fix_PesqCustom_ID_512,,601512,FIX
Canada,Fix_PesqCustom_ID_513,,601513,FIX
Canada,Fix_PesqCustom_ID_514,,601514,FIX
Canada,Fix_PesqCustom_ID_515,,601515,FIX
Canada,Fix_PesqCustom_ID_516,,601516,FIX
Canada,Fix_PesqCustom_ID_517,,601517,FIX
Canada,Fix_PesqCustom_ID_518,,601518,FIX
Canada,Fix_PesqCustom_ID_519,,601519,FIX
Canada,Fix_PesqCustom_ID_520,,601520,FIX
Canada,Fix_PesqCustom_ID_521,,601521,FIX
Canada,Fix_PesqCustom_ID_522,,601522,FIX
Canada,Fix_PesqCustom_ID_523,,601523,FIX
Canada,Fix_PesqCustom_ID_524,,601524,FIX
Canada,Fix_PesqCustom_ID_525,,601525,FIX
Canada,Fix_PesqCustom_ID_526,,601526,FIX
Canada,Fix_PesqCustom_ID_527,,601527,FIX
Canada,Fix_PesqCustom_ID_528,,601528,FIX
Canada,Fix_PesqCustom_ID_529,,601529,FIX
Canada,Fix_PesqCustom_ID_530,,601530,FIX
Canada,Fix_PesqCustom_ID_531,,601531,FIX
Canada,Fix_PesqCustom_ID_532,,601532,FIX
Canada,Fix_PesqCustom_ID_533,,601533,FIX
Canada,Fix_PesqCustom_ID_534,,601534,FIX
Canada,Fix_PesqCustom_ID_535,,601535,FIX
Canada,Fix_PesqCustom_ID_536,,601536,FIX
Canada,Fix_PesqCustom_ID_537,,601537,FIX
Canada,Fix_PesqCustom_ID_538,,601538,FIX
Canada,Fix_PesqCustom_ID_539,,601539,FIX
Canada,Fix_PesqCustom_ID_540,,601540,FIX
Canada,Fix_PesqCustom_ID_541,,601541,FIX
Canada,Fix_PesqCustom_ID_542,,601542,FIX
Canada,Fix_PesqCustom_ID_543,,601543,FIX
Canada,Fix_PesqCustom_ID_544,,601544,FIX
Canada,Fix_PesqCustom_ID_545,,601545,FIX
Canada,Fix_PesqCustom_ID_546,,601546,FIX
Canada,Fix_PesqCustom_ID_547,,601547,FIX
Canada,Fix_PesqCustom_ID_548,,601548,FIX
Canada,Fix_PesqCustom_ID_549,,601549,FIX
Canada,Fix_PesqCustom_ID_550,,601550,FIX
Canada,Fix_PesqCustom_ID_551,,601551,FIX
Canada,Fix_PesqCustom_ID_552,,601552,FIX
Canada,Fix_PesqCustom_ID_553,,601553,FIX
Canada,Fix_PesqCustom_ID_554,,601554,FIX
Canada,Fix_PesqCustom_ID_555,,601555,FIX
Canada,Fix_PesqCustom_ID_556,,601556,FIX
Canada,Fix_PesqCustom_ID_557,,601557,FIX
Canada,Fix_PesqCustom_ID_558,,601558,FIX
Canada,Fix_PesqCustom_ID_559,,601559,FIX
Canada,Fix_PesqCustom_ID_560,,601560,FIX
Canada,Fix_PesqCustom_ID_561,,601561,FIX
Canada,Fix_PesqCustom_ID_562,,601562,FIX
Canada,Fix_PesqCustom_ID_563,,601563,FIX
Canada,Fix_PesqCustom_ID_564,,601564,FIX
Canada,Fix_PesqCustom_ID_565,,601565,FIX
Canada,Fix_PesqCustom_ID_566,,601566,FIX
Canada,Fix_PesqCustom_ID_567,,601567,FIX
Canada,Fix_PesqCustom_ID_568,,601568,FIX
Canada,Fix_PesqCustom_ID_569,,601569,FIX
Canada,Fix_PesqCustom_ID_570,,601570,FIX
Canada,Fix_PesqCustom_ID_571,,601571,FIX
Canada,Fix_PesqCustom_ID_572,,601572,FIX
Canada,Fix_PesqCustom_ID_573,,601573,FIX
Canada,Fix_PesqCustom_ID_574,,601574,FIX
Canada,Fix_PesqCustom_ID_575,,601575,FIX
Canada,Fix_PesqCustom_ID_576,,601576,FIX
Canada,Fix_PesqCustom_ID_577,,601577,FIX
Canada,Fix_PesqCustom_ID_578,,601578,FIX
Canada,Fix_PesqCustom_ID_579,,601579,FIX
